{
  "Marketplace": {
    "0xc99a6a985ed2cac1ef41640596c5a5f9f4e19ef5": 58853.68490950008,
    "0x0000000000000000000000000000000000000000": 72644.52635833448
  },
  "Breeding": {
    "0x97a9107c1793bc407d6f527b77e7fff4d812bece": 22325755.505297616
  },
  "Other": {
    "0xc99a6a985ed2cac1ef41640596c5a5f9f4e19ef5": 0.03805143113425926,
    "0x0000000000000000000000000000000000000000": 0.905522500350125,
    "0x97a9107c1793bc407d6f527b77e7fff4d812bece": 190.02954872916484
  },
  "Origins": {
    "0x97a9107c1793bc407d6f527b77e7fff4d812bece": 265192.09956054343
  },
  "Core": {
    "0x97a9107c1793bc407d6f527b77e7fff4d812bece": 571955.1286667776
  },
  "Pack": {
    "0x0000000000000000000000000000000000000000": 5387.395865839083,
    "0x0b7007c13325c48911f73a2dad5fa5dcbf808adc": 6992.369836
  }
}