{
  "Marketplace": {
    "0xc99a6a985ed2cac1ef41640596c5a5f9f4e19ef5": 58857.060274848875,
    "0x0000000000000000000000000000000000000000": 72693.79022278298
  },
  "Breeding": {
    "0x97a9107c1793bc407d6f527b77e7fff4d812bece": 22326447.005297616
  },
  "Other": {
    "0xc99a6a985ed2cac1ef41640596c5a5f9f4e19ef5": 0.03805143113425926,
    "0x0000000000000000000000000000000000000000": 0.905522500350125,
    "0x97a9107c1793bc407d6f527b77e7fff4d812bece": 424.02954872916484
  },
  "Origins": {
    "0x97a9107c1793bc407d6f527b77e7fff4d812bece": 266376.3065039864
  },
  "Core": {
    "0x97a9107c1793bc407d6f527b77e7fff4d812bece": 581224.0293633782
  },
  "Pack": {
    "0x0000000000000000000000000000000000000000": 5839.527865839083,
    "0x0b7007c13325c48911f73a2dad5fa5dcbf808adc": 7116.146836
  }
}