{
  "Marketplace": {
    "0xc99a6a985ed2cac1ef41640596c5a5f9f4e19ef5": 58867.645275354225,
    "0x0000000000000000000000000000000000000000": 72924.6166745317
  },
  "Breeding": {
    "0x97a9107c1793bc407d6f527b77e7fff4d812bece": 22329102.505297616
  },
  "Other": {
    "0xc99a6a985ed2cac1ef41640596c5a5f9f4e19ef5": 0.03805143113425926,
    "0x0000000000000000000000000000000000000000": 0.905522500350125,
    "0x97a9107c1793bc407d6f527b77e7fff4d812bece": 424.02954872916484
  },
  "Origins": {
    "0x97a9107c1793bc407d6f527b77e7fff4d812bece": 272661.4229389284
  },
  "Core": {
    "0x97a9107c1793bc407d6f527b77e7fff4d812bece": 613128.7783842686
  },
  "Pack": {
    "0x0000000000000000000000000000000000000000": 6101.055865839083,
    "0x0b7007c13325c48911f73a2dad5fa5dcbf808adc": 7379.498086
  }
}