{
  "Marketplace": {
    "0xc99a6a985ed2cac1ef41640596c5a5f9f4e19ef5": 58861.22883138665,
    "0x0000000000000000000000000000000000000000": 72749.59152233889
  },
  "Breeding": {
    "0x97a9107c1793bc407d6f527b77e7fff4d812bece": 22327500.505297616
  },
  "Other": {
    "0xc99a6a985ed2cac1ef41640596c5a5f9f4e19ef5": 0.03805143113425926,
    "0x0000000000000000000000000000000000000000": 0.905522500350125,
    "0x97a9107c1793bc407d6f527b77e7fff4d812bece": 424.02954872916484
  },
  "Origins": {
    "0x97a9107c1793bc407d6f527b77e7fff4d812bece": 268056.2301272542
  },
  "Core": {
    "0x97a9107c1793bc407d6f527b77e7fff4d812bece": 593603.7083931055
  },
  "Pack": {
    "0x0000000000000000000000000000000000000000": 5896.749865839083,
    "0x0b7007c13325c48911f73a2dad5fa5dcbf808adc": 7248.912586
  }
}