{
  "Marketplace": {
    "0xc99a6a985ed2cac1ef41640596c5a5f9f4e19ef5": 58863.25401918392,
    "0x0000000000000000000000000000000000000000": 72832.0243518284
  },
  "Breeding": {
    "0x97a9107c1793bc407d6f527b77e7fff4d812bece": 22328004.505297616
  },
  "Other": {
    "0xc99a6a985ed2cac1ef41640596c5a5f9f4e19ef5": 0.03805143113425926,
    "0x0000000000000000000000000000000000000000": 0.905522500350125,
    "0x97a9107c1793bc407d6f527b77e7fff4d812bece": 424.02954872916484
  },
  "Origins": {
    "0x97a9107c1793bc407d6f527b77e7fff4d812bece": 268619.0519004229
  },
  "Core": {
    "0x97a9107c1793bc407d6f527b77e7fff4d812bece": 600047.7367416054
  },
  "Pack": {
    "0x0000000000000000000000000000000000000000": 6043.8848658390825,
    "0x0b7007c13325c48911f73a2dad5fa5dcbf808adc": 7293.588586
  }
}