{
  "Marketplace": {
    "0xc99a6a985ed2cac1ef41640596c5a5f9f4e19ef5": 58856.47335590119,
    "0x0000000000000000000000000000000000000000": 72686.59344754652
  },
  "Breeding": {
    "0x97a9107c1793bc407d6f527b77e7fff4d812bece": 22326336.005297616
  },
  "Other": {
    "0xc99a6a985ed2cac1ef41640596c5a5f9f4e19ef5": 0.03805143113425926,
    "0x0000000000000000000000000000000000000000": 0.905522500350125,
    "0x97a9107c1793bc407d6f527b77e7fff4d812bece": 424.02954872916484
  },
  "Origins": {
    "0x97a9107c1793bc407d6f527b77e7fff4d812bece": 265383.15473304695
  },
  "Core": {
    "0x97a9107c1793bc407d6f527b77e7fff4d812bece": 579403.2479576082
  },
  "Pack": {
    "0x0000000000000000000000000000000000000000": 5762.432865839083,
    "0x0b7007c13325c48911f73a2dad5fa5dcbf808adc": 7091.896336
  }
}